<archive xmlns="http://rs.tdwg.org/dwc/text/" metadata="eml.xml">
  <core encoding="UTF-8" fieldsTerminatedBy="\t" linesTerminatedBy="\n" fieldsEnclosedBy="" ignoreHeaderLines="1" rowType="http://rs.tdwg.org/dwc/terms/Occurrence">
    <files>
      <location>occurrence.txt</location>
    </files>
    <id index="0" />
    <field index="1" term="http://rs.tdwg.org/dwc/terms/basisOfRecord"/>
    <field index="2" term="http://rs.tdwg.org/dwc/terms/occurrenceID"/>
    <field index="3" term="http://rs.tdwg.org/dwc/terms/recordNumber"/>
    <field index="4" delimitedBy="|" term="http://rs.tdwg.org/dwc/terms/recordedBy"/>
    <field index="5" term="http://rs.tdwg.org/dwc/terms/eventDate"/>
    <field index="6" term="http://rs.tdwg.org/dwc/terms/habitat"/>
    <field index="7" term="http://rs.tdwg.org/dwc/terms/fieldNotes"/>
    <field index="8" term="http://rs.tdwg.org/dwc/terms/locationID"/>
    <field index="9" term="http://rs.tdwg.org/dwc/terms/islandGroup"/>
    <field index="10" term="http://rs.tdwg.org/dwc/terms/island"/>
    <field index="11" term="http://rs.tdwg.org/dwc/terms/country"/>
    <field index="12" term="http://rs.tdwg.org/dwc/terms/countryCode"/>
    <field index="13" term="http://rs.tdwg.org/dwc/terms/locality"/>
    <field index="14" term="http://rs.tdwg.org/dwc/terms/verbatimElevation"/>
    <field index="15" term="http://rs.tdwg.org/dwc/terms/locationRemarks"/>
    <field index="16" term="http://rs.tdwg.org/dwc/terms/decimalLatitude"/>
    <field index="17" term="http://rs.tdwg.org/dwc/terms/decimalLongitude"/>
    <field index="18" term="http://rs.tdwg.org/dwc/terms/kingdom"/>
  </core>
  <extension encoding="UTF-8" fieldsTerminatedBy="\t" linesTerminatedBy="\n" fieldsEnclosedBy="" ignoreHeaderLines="1" rowType="http://rs.tdwg.org/dwc/terms/Identification">
    <files>
      <location>identification.txt</location>
    </files>
    <coreid index="0" />
    <field index="1" term="http://rs.tdwg.org/dwc/terms/identificationID"/>
    <field index="2" term="http://rs.tdwg.org/dwc/terms/identifiedBy"/>
    <field index="3" term="http://rs.tdwg.org/dwc/terms/dateIdentified"/>
    <field index="4" term="http://rs.tdwg.org/dwc/terms/identificationReferences"/>
    <field index="5" term="http://rs.tdwg.org/dwc/terms/identificationRemarks"/>
    <field index="6" term="http://rs.tdwg.org/dwc/terms/kingdom"/>
    <field index="7" term="http://rs.tdwg.org/dwc/terms/taxonRemarks"/>
  </extension>
</archive>
